dagbani	english
dasiba	good morning
ka di be wula?	how are you?
m paɣya	thank you
nyaɣsim	pleasure
n yura	i love you
sokam	everyone
sohala	yesterday
sochira	intersection
sochira	crossroads
sochanda	traveller
zuŋɔ	today
ami	amen
yɛda	trust
yee	voice
yɛɣu	bead
yɛri	beads
shahira	evidence
sheje	bastard
sheli	something
pasheli	nothing
shelikam	everything
shelipolo	somewhere
shelorigu	belt
shim	stingy
zunubi	transgression
zunzuli	worm
kamaata	necessary
niŋ mi din tu kamaata	do something necessary
een	yes
n tum sarigi	I’m sorry
a yuli nboni bo?	what is your name?
enchanté de vous rencontrer	nice to meet you
a shinshaɣ baa?	where is the bathroom?
shinshaɣ	bathroom
m be gbai	I don't understand
ani tio sɔŋ maa?	can you help me?
sɔŋ ma	help me
teeku	sea
wakati deni m bɔŋɔ?	what time is it?
n niyu	I would like
n di yuya	I would have like
tichama	let's go
ala n nyɛli?	how much does this cost?
diyi toibela	see you later
venyela	decency
venyeliŋga	well
vi	shame
mahim	shade
tɔbu	war
nyaan yibo	betrayal
nzo	my friend
n yura	my love
malaika	angel
naawuni	god
ko-om	water
dinchana	trending
balima	persuade
baa	dog
bahi	dogs
bia	child
bihi	children
a	you
bua	goat
buhi	goats
dagbanli	dagbani
kamina	come
kɔdu	banana
naa	king
nam	kingship
paɣa	woman
sagbani	cloud
sima	groundnut
bara	patient
tahama	hope
tolotolo	turkey
tiŋgban’ nɛli	desert
wuntaŋ	sun
ti	give
tia	tree
tihi	trees
suhuzohibo	anxiety
pɔli	hernia
nangbanyini	unity
ti mali nangbanyini	we are united
ti	we
pɔhimʒiɛpiliŋga	whirlwind
suɣulɔ	patience
tahma	expectation
tintoi	we can
duuma	lord
n duuma	my lord
ti duuma	our lord
doo	man
chama	go
alizanda	heaven
tingbani	land
fara	poverty
nimoo	serious
n nin moya pam	i am very serious
pam	very
ku	kill
kɔhi	buy
balli	tribe
zulya	clan
ya	where
boligu	calling
alikauli	promise
alkalmi	pencil
alkalmi	pen
alikopta	helicopter
aliwalla	ablution
alizama	conversation
alizanda	paradise
alizumba	friday
alizini	genie
varisa	treachery
alibasa	onion
alibarika	blessing
alibarika	grace
anfaani	usefulness
anfoni	picture
so bi mi	no one knows
alaka	trouble
alaha	cheap
alaamu	calamity
alaafee	pineapple
ala	how much
alaamiishi	thursday
akarima	drummer
agogo	watch
agbaa	noon
adua	pigeon-pea
adiiku	luggage
adiini	religion
abe	palm nuts
abinfuura	balloon
abe tia	palm tree
abba	disgust
abada	never
lala ku niŋ, hali abada	that will never happen
abaa	disapproval
aayi	no
aayi	wrong
biyurli	favourite child
biyurgu	beloved child
blooku	block
shikuru	school
karin zɔŋ	class room
bo	what
bleedi	razorblade
asadaachi	bride price
sala	charcoal
ninsala	human
salnima	human being
salo	crowd
sam	mash
samafuu	aluminium
salma	gold
samli	debt
sana	stranger
saamba	strangers
sandaani	apology
sandana	creditor
sandira	debtor
saniya	scale
sanyoo	repayment
sanzali	drought
yobli	termite
yohim	deceive
yohinda	deceiver
yohim fa	dupe
yoli	vain
a niŋ simŋɔ be yoli	what you do is in vain
ti kan-na	we are coming
ti chaŋya	we have gone
Zeya	stand
fahim	intelligence
fali	inheritance
faluŋ	lightweighted
fasara	lecture
fashee	unless
fashee a kana	unless you come
fawaɣli	carelessness
fawaɣli	procrastination
gaafara	pardon
gaafara	forgiveness
duni	knee
dumbia	knee cap
dunia	world
dunianima	people of the world
dundobia	doorstep
dundogula	gatekeeper
duŋ	enmity
duuŋa	mosquito
duunsi	mosquitos
faako	mercy
fabu	extortion
salaa	uninverse
achiika	verly
atalata	tuesday
atani	monday
suŋ	good
shupiɛli	happy
yoli	vanity
boli	call
boli mo	call him
boli mo	call her
bolim ba	call them
bolim ma	call me
guui	run
guubu	runing
o guui yi kpaŋa	he run away
kpaŋa	away
zo	friend
zɔri	friendship
wabu	dancing
waa	dance
o daa warimi	she was dancing
o daa na warimi	she was still dancing
amaa	but
amaa n daa bɛni	but i was there
gahindili	special
gali	thread
jirlim	foolishness
jia	short
jergu	fool
jema	praise
naawuni su jema	praise be to god
jeŋkuno	cat
jeŋkunbirugu	feral cat
jeni	spindle
jeŋgbuni	leopard
yom	quickly
yɔma	near
yɔmayɔma	very near
gbuɣinli	lion
gbuɣi	common
gbubi	keep
sarati	accident
shariga	niddle
sariga	veil
sariga	judgement
sarika	prison
sara	tobacco
n mali bua yini	i have one goat
o mali bihi ayi	she has two children
ti mali la bagi pia	we have ten bags
N bori la dɔɣite.	I need a doctor.
Karimmi buku maa ti maa	Read the book for me
Karimmi buku maa yomyom	read the book fast
Karimmi buku maa yomyom	read the book quickly
Guuimina nti nya o’	run and come and see him
Zomi yomyom	run quickly
Guuimi ti boli karimba maa	run and call the teacher
N daa bi tum tumaa maa	I had not done the work.
A daa na bi tum tumaa maa	you had not yet done the work.
O daa na bi tum tumaa maa	he had not yet done the work.
Ti daa na bi tum tumaa maa	we had not yet done the work.
Yi daa na bi tum tumaa maa	You have not yet done the work.
Be daa na bi tum tumaa maa	they had not yet done the work.
Bia timi a ba naa ama jilma.	child, respect your father and mother
naawuni ni bori sheli m-bala	that is what God wants.
yumi a ba naa ama.	love your father and mother.
dama be nyela a laamba.	Because they are your parents.
fara deei zaa.	Poverty is now rampant.
bihi kuhirila fara.	Children are crying out of poverty.
ninkura kuhirila fara.	Elders are crying out of poverty.
ban tumdi kuhirila fara.	Those working are crying.
ban bi tumdi kuhirila fara.	Those who don’t work are even waste off.
ligiri mi zo n-nye fara.	Riches is the friend of poverty.
ligiri yi bi chag fara ku chag.	If money doesn’t go, poverty will surely not go.
din zugu, bagmi ligiri dibu.	Therefore let’s spend money wisely.
Dimi di zaa	Eat it all.
Dimi sagam maa zaa	Eat all the TZ.
N chagya.	I have gone.
A chagya.	You have gone.
O chagya.	she has gone.
O chagya	He has gone.
Di chagya.	it has gone
Yi chagya.	We have gone.
Be chagya	they have gone.
Ti bohimya	we have learned.
Be bohimya.	the have learned.
Isabella di chag Tamale asiba maa.	Isabella went to Tamale in the morning.
Isabella di bi chag Tamale asiba maa.	Isabella didn’t go to Tamale this morning.
O di bohi nyuli.	He ask of my name.
Ti bohammi ka di wum ti.	We studied and became tired.
O chagya.	He has gone.
O chagya zugo	He went today.
Di barigiya	It has lost.
Di barigiya asiba la.	It lost this morning.
Farouk yuuya.	Farouk has kept long.
Be yuuya pam wuntag maa ni.	They kept long in this afternoon.
Paga maa kpeya.	The woman has entered.
N naaiya pumpogo	I have now finished.
O bohiya.	she has asked.
O bohiya.	He has asked.
Farouk di sabiya.	Farouk has written.
N dirila sakoro.	Am eating Fufu.
A dirila sakoro	You are eating Fufu.
O dirila sakoro.	she is eating fufu.
O dirila sakoro.	He is eating fufu.
Ti dirila Banku.	We are eating Banku.
Yi dirila Banku	You are eating Banku
Be dirila sagam.	They are eating TZ.