url,content
https://learndagbani.org/courses/learn-dagbanli/?unit=unit-1&lesson=04-numbers-in-dagbani-1-to-100,Learn Dagbanli (Dagbanli Bↄhimbu)
https://learndagbani.org/courses/learn-dagbanli/?unit=unit-1&lesson=04-numbers-in-dagbani-1-to-100,Numbers In Dagbanli (1 to 100)
https://learndagbani.org/courses/learn-dagbanli/?unit=unit-1&lesson=04-numbers-in-dagbani-1-to-100,Mark Complete
https://learndagbani.org/courses/learn-dagbanli/?unit=unit-1&lesson=04-numbers-in-dagbani-1-to-100,"Numbers in Dagbanli can be differentiated between counting and non counting numbers. This difference is mostly tied to daily usage and counting items. Unlike English where counting and usage of a number is the same. Counting five, n-nu in Dagbanli is different from saying, ""give me five tomatoes"". You will say ""give me tomatoes anu""(""tim'ma tomatoes anu""). Anu here is five in Dagbanli. Here's a list of numbers in Dagbanli from 1 to 100."
https://learndagbani.org/courses/learn-dagbanli/?unit=unit-1&lesson=04-numbers-in-dagbani-1-to-100,Number Counting Non-Counting (Daily Usage)
https://learndagbani.org/courses/learn-dagbanli/?unit=unit-1&lesson=04-numbers-in-dagbani-1-to-100,1 n-daam Yini
https://learndagbani.org/courses/learn-dagbanli/?unit=unit-1&lesson=04-numbers-in-dagbani-1-to-100,2 n-yi Ayi
https://learndagbani.org/courses/learn-dagbanli/?unit=unit-1&lesson=04-numbers-in-dagbani-1-to-100,3 n-ta Ata
https://learndagbani.org/courses/learn-dagbanli/?unit=unit-1&lesson=04-numbers-in-dagbani-1-to-100,4 n-nahi Anahi
https://learndagbani.org/courses/learn-dagbanli/?unit=unit-1&lesson=04-numbers-in-dagbani-1-to-100,5 n-nu Anu
https://learndagbani.org/courses/learn-dagbanli/?unit=unit-1&lesson=04-numbers-in-dagbani-1-to-100,6 n-yobu Ayobu
https://learndagbani.org/courses/learn-dagbanli/?unit=unit-1&lesson=04-numbers-in-dagbani-1-to-100,7 m-pɔi Apɔi
https://learndagbani.org/courses/learn-dagbanli/?unit=unit-1&lesson=04-numbers-in-dagbani-1-to-100,8 n-nii Anii
https://learndagbani.org/courses/learn-dagbanli/?unit=unit-1&lesson=04-numbers-in-dagbani-1-to-100,9 n-wei Awei
https://learndagbani.org/courses/learn-dagbanli/?unit=unit-1&lesson=04-numbers-in-dagbani-1-to-100,10 Pia Pia
https://learndagbani.org/courses/learn-dagbanli/?unit=unit-1&lesson=04-numbers-in-dagbani-1-to-100,11 Pia ni yini Pin yini
https://learndagbani.org/courses/learn-dagbanli/?unit=unit-1&lesson=04-numbers-in-dagbani-1-to-100,12 Pia ni ayi Pin ayi
https://learndagbani.org/courses/learn-dagbanli/?unit=unit-1&lesson=04-numbers-in-dagbani-1-to-100,13 Pia ni ata Pin ata
https://learndagbani.org/courses/learn-dagbanli/?unit=unit-1&lesson=04-numbers-in-dagbani-1-to-100,14 pia ni anahi Pin anahi
https://learndagbani.org/courses/learn-dagbanli/?unit=unit-1&lesson=04-numbers-in-dagbani-1-to-100,15 pia ni anu Pin anu
https://learndagbani.org/courses/learn-dagbanli/?unit=unit-1&lesson=04-numbers-in-dagbani-1-to-100,16 pia ni ayobu Pin ayobu
https://learndagbani.org/courses/learn-dagbanli/?unit=unit-1&lesson=04-numbers-in-dagbani-1-to-100,17 pia ni apɔi Pin apɔi
https://learndagbani.org/courses/learn-dagbanli/?unit=unit-1&lesson=04-numbers-in-dagbani-1-to-100,18 pishi ayi ka Pin ayi ka
https://learndagbani.org/courses/learn-dagbanli/?unit=unit-1&lesson=04-numbers-in-dagbani-1-to-100,19 pishi yini ka Pishi yini ka
https://learndagbani.org/courses/learn-dagbanli/?unit=unit-1&lesson=04-numbers-in-dagbani-1-to-100,20 pishi Pishi
https://learndagbani.org/courses/learn-dagbanli/?unit=unit-1&lesson=04-numbers-in-dagbani-1-to-100,21 pishi ni yini pishi ni yini
https://learndagbani.org/courses/learn-dagbanli/?unit=unit-1&lesson=04-numbers-in-dagbani-1-to-100,22 pishi ni yi pishi ni yi
https://learndagbani.org/courses/learn-dagbanli/?unit=unit-1&lesson=04-numbers-in-dagbani-1-to-100,23 pishi ni ata pishi ni ata
https://learndagbani.org/courses/learn-dagbanli/?unit=unit-1&lesson=04-numbers-in-dagbani-1-to-100,24 pishi ni anahi pishi ni anahi
https://learndagbani.org/courses/learn-dagbanli/?unit=unit-1&lesson=04-numbers-in-dagbani-1-to-100,25 pishi ni anu pishi ni anu
https://learndagbani.org/courses/learn-dagbanli/?unit=unit-1&lesson=04-numbers-in-dagbani-1-to-100,26 pishi ni ayobu pishi ni ayobu
https://learndagbani.org/courses/learn-dagbanli/?unit=unit-1&lesson=04-numbers-in-dagbani-1-to-100,27 pishi ni apɔi pishi ni apɔi
https://learndagbani.org/courses/learn-dagbanli/?unit=unit-1&lesson=04-numbers-in-dagbani-1-to-100,28 pihita ayi ka pihita ayi ka
https://learndagbani.org/courses/learn-dagbanli/?unit=unit-1&lesson=04-numbers-in-dagbani-1-to-100,29 pihita yini ka pihita yini ka
https://learndagbani.org/courses/learn-dagbanli/?unit=unit-1&lesson=04-numbers-in-dagbani-1-to-100,30 pihita pihita
https://learndagbani.org/courses/learn-dagbanli/?unit=unit-1&lesson=04-numbers-in-dagbani-1-to-100,40 pihinahi pihinahi
https://learndagbani.org/courses/learn-dagbanli/?unit=unit-1&lesson=04-numbers-in-dagbani-1-to-100,50 pihinu pihinu
https://learndagbani.org/courses/learn-dagbanli/?unit=unit-1&lesson=04-numbers-in-dagbani-1-to-100,60 pihiyobu pihiyobu
https://learndagbani.org/courses/learn-dagbanli/?unit=unit-1&lesson=04-numbers-in-dagbani-1-to-100,70 pisopɔi pisopɔi
https://learndagbani.org/courses/learn-dagbanli/?unit=unit-1&lesson=04-numbers-in-dagbani-1-to-100,80 pihinii pihinii
https://learndagbani.org/courses/learn-dagbanli/?unit=unit-1&lesson=04-numbers-in-dagbani-1-to-100,90 pihiwei pihiwei
https://learndagbani.org/courses/learn-dagbanli/?unit=unit-1&lesson=04-numbers-in-dagbani-1-to-100,100 kɔbiga kɔbiga
https://learndagbani.org/courses/learn-dagbanli/?unit=unit-1&lesson=04-numbers-in-dagbani-1-to-100,Lesson by: Barikisu
https://learndagbani.org/courses/learn-dagbanli/?unit=unit-1&lesson=05-everyday-greetings-and-responses-in-dagbani,Learn Dagbanli (Dagbanli Bↄhimbu)
https://learndagbani.org/courses/learn-dagbanli/?unit=unit-1&lesson=05-everyday-greetings-and-responses-in-dagbani,Everyday Greetings and Responses in Dagbanli
https://learndagbani.org/courses/learn-dagbanli/?unit=unit-1&lesson=05-everyday-greetings-and-responses-in-dagbani,Mark Complete
https://learndagbani.org/courses/learn-dagbanli/?unit=unit-1&lesson=05-everyday-greetings-and-responses-in-dagbani,"Just like any language, there are formal and informal greetings in Dagbani. Dagbamba's take greetings VERY SERIOUSLY. It's the basic and most intrinsic way of opening up conversations and especially acknowledging and showing respect."
https://learndagbani.org/courses/learn-dagbanli/?unit=unit-1&lesson=05-everyday-greetings-and-responses-in-dagbani,"Usually in the Dagomba culture, younger folks must greet older folks when they meet them. If you are greeting someone older than you, you're expected to kneel. A simple hunch over could also do, but it's considered partly informal, so going all the way down on the knees is a perfect show of respect."
https://learndagbani.org/courses/learn-dagbanli/?unit=unit-1&lesson=05-everyday-greetings-and-responses-in-dagbani,"Depending on the 'status' of the person you're greeting, usually a King or Queen, you clap upon each response (while saying n'naa) - example greeting video coming soon. People are also expected to greet those they don't know when walking past them."
https://learndagbani.org/courses/learn-dagbanli/?unit=unit-1&lesson=05-everyday-greetings-and-responses-in-dagbani,"It's a very important part of the culture and people take it seriously, so don't forget to randomly greet people if you're ever in Dagbon. It's a a respectful gesture and highly appreciated."
https://learndagbani.org/courses/learn-dagbanli/?unit=unit-1&lesson=05-everyday-greetings-and-responses-in-dagbani,### Dagbanli ### Response ### Greeting in English
https://learndagbani.org/courses/learn-dagbanli/?unit=unit-1&lesson=05-everyday-greetings-and-responses-in-dagbani,Formal Greetings
https://learndagbani.org/courses/learn-dagbanli/?unit=unit-1&lesson=05-everyday-greetings-and-responses-in-dagbani,Dasiba N'naa Good morning
https://learndagbani.org/courses/learn-dagbanli/?unit=unit-1&lesson=05-everyday-greetings-and-responses-in-dagbani,Antire N'naa Good afternoon
https://learndagbani.org/courses/learn-dagbanli/?unit=unit-1&lesson=05-everyday-greetings-and-responses-in-dagbani,Aninwula N'naa Good evening
https://learndagbani.org/courses/learn-dagbanli/?unit=unit-1&lesson=05-everyday-greetings-and-responses-in-dagbani,Naawuni ni ti biɛɣu Ami Good night
https://learndagbani.org/courses/learn-dagbanli/?unit=unit-1&lesson=05-everyday-greetings-and-responses-in-dagbani,Puhigu Greetings
https://learndagbani.org/courses/learn-dagbanli/?unit=unit-1&lesson=05-everyday-greetings-and-responses-in-dagbani,A'maraba n gomina/gonya Welcome
https://learndagbani.org/courses/learn-dagbanli/?unit=unit-1&lesson=05-everyday-greetings-and-responses-in-dagbani,Informal Greetings
https://learndagbani.org/courses/learn-dagbanli/?unit=unit-1&lesson=05-everyday-greetings-and-responses-in-dagbani,Ni a tuma? How's it going?
https://learndagbani.org/courses/learn-dagbanli/?unit=unit-1&lesson=05-everyday-greetings-and-responses-in-dagbani,Ka di be wula What's up?
https://learndagbani.org/courses/learn-dagbanli/?unit=unit-1&lesson=05-everyday-greetings-and-responses-in-dagbani,Lesson by: Rasheeda Yehuza
https://learndagbani.org/courses/learn-dagbanli/?unit=unit-1&lesson=06-verbs-part-one,Learn Dagbanli (Dagbanli Bↄhimbu)
https://learndagbani.org/courses/learn-dagbanli/?unit=unit-1&lesson=06-verbs-part-one,"Verbs (Part 1) – First, Second and Third Person Verbs"
https://learndagbani.org/courses/learn-dagbanli/?unit=unit-1&lesson=06-verbs-part-one,Mark Complete
https://learndagbani.org/courses/learn-dagbanli/?unit=unit-1&lesson=06-verbs-part-one,"A verb is a word, or a group of words, which describe an action or a state. For example: dance (wa), go (chama), fall (lu), learn (bɔhim)."
https://learndagbani.org/courses/learn-dagbanli/?unit=unit-1&lesson=06-verbs-part-one,Personal Pronouns In Dagbanli
https://learndagbani.org/courses/learn-dagbanli/?unit=unit-1&lesson=06-verbs-part-one,Present Continuous Lesson
https://learndagbani.org/courses/learn-dagbanli/?unit=unit-1&lesson=06-verbs-part-one,Personal pronouns (Dagbanli) Personal pronoun (English) Negation (Dagbanli) Negation  (English)
https://learndagbani.org/courses/learn-dagbanli/?unit=unit-1&lesson=06-verbs-part-one,n I N bi I am not
https://learndagbani.org/courses/learn-dagbanli/?unit=unit-1&lesson=06-verbs-part-one,a You A bi You are not
https://learndagbani.org/courses/learn-dagbanli/?unit=unit-1&lesson=06-verbs-part-one,o He/She/It O bi He/She/It is not
https://learndagbani.org/courses/learn-dagbanli/?unit=unit-1&lesson=06-verbs-part-one,bɛ They Bɛ bi They are not
https://learndagbani.org/courses/learn-dagbanli/?unit=unit-1&lesson=06-verbs-part-one,ti We Ti Bi We are not
https://learndagbani.org/courses/learn-dagbanli/?unit=unit-1&lesson=06-verbs-part-one,Conjugating The Verb “To-Be”
https://learndagbani.org/courses/learn-dagbanli/?unit=unit-1&lesson=06-verbs-part-one,Dagbanli English
https://learndagbani.org/courses/learn-dagbanli/?unit=unit-1&lesson=06-verbs-part-one,N bɛ I am
https://learndagbani.org/courses/learn-dagbanli/?unit=unit-1&lesson=06-verbs-part-one,A bɛ You Are
https://learndagbani.org/courses/learn-dagbanli/?unit=unit-1&lesson=06-verbs-part-one,O bɛ He Is
https://learndagbani.org/courses/learn-dagbanli/?unit=unit-1&lesson=06-verbs-part-one,O bɛ She Is
https://learndagbani.org/courses/learn-dagbanli/?unit=unit-1&lesson=06-verbs-part-one,O bɛ It Is
https://learndagbani.org/courses/learn-dagbanli/?unit=unit-1&lesson=06-verbs-part-one,Bi bɛ They are
https://learndagbani.org/courses/learn-dagbanli/?unit=unit-1&lesson=06-verbs-part-one,Ti bɛ We are
https://learndagbani.org/courses/learn-dagbanli/?unit=unit-1&lesson=06-verbs-part-one,"A verb can be an action or a state, such as love (yurilim), know (mi), or have (mali)."
https://learndagbani.org/courses/learn-dagbanli/?unit=unit-1&lesson=06-verbs-part-one,N yuri paɣa maa pam - I love the lady a lot
https://learndagbani.org/courses/learn-dagbanli/?unit=unit-1&lesson=06-verbs-part-one,N mi’o - I know him/her
https://learndagbani.org/courses/learn-dagbanli/?unit=unit-1&lesson=06-verbs-part-one,N Mal’la buku - I have a book
https://learndagbani.org/courses/learn-dagbanli/?unit=unit-1&lesson=06-verbs-part-one,"[audio wav=""http://learndagbani.org/wp-content/uploads/2020/09/verbs-part-one-to-be-examples.wav""\]\[/audio\]"
https://learndagbani.org/courses/learn-dagbanli/?unit=unit-1&lesson=06-verbs-part-one,"First, Second and Third Person Verbs"
https://learndagbani.org/courses/learn-dagbanli/?unit=unit-1&lesson=06-verbs-part-one,"First Person As in English, the first, second and third person verbs can also be achieved in Dagbanli. Each action (or state) references a person. In other words: Who? Who is doing it? Or, who is in that state? We call it the ""person."" When the verb shows an action or a state of the person speaking, we say the verb is in the first person. Examples;"
https://learndagbani.org/courses/learn-dagbanli/?unit=unit-1&lesson=06-verbs-part-one,Ni chɛŋ karimzɔŋ/shikuru - I will go to school
https://learndagbani.org/courses/learn-dagbanli/?unit=unit-1&lesson=06-verbs-part-one,N yuri buku karimbu - I love reading books
https://learndagbani.org/courses/learn-dagbanli/?unit=unit-1&lesson=06-verbs-part-one,Ti nyuri kɔm - We drink water
https://learndagbani.org/courses/learn-dagbanli/?unit=unit-1&lesson=06-verbs-part-one,"Second Person When the verb shows an action or a state of the person you are speaking to, we say the verb is in the second person. Examples;"
https://learndagbani.org/courses/learn-dagbanli/?unit=unit-1&lesson=06-verbs-part-one,A gbihiri pam - You sleep a lot
https://learndagbani.org/courses/learn-dagbanli/?unit=unit-1&lesson=06-verbs-part-one,A guuri pam - You run a lot
https://learndagbani.org/courses/learn-dagbanli/?unit=unit-1&lesson=06-verbs-part-one,A mi bɔl’li ŋmebu venyɛlinga - You know how to play football well
https://learndagbani.org/courses/learn-dagbanli/?unit=unit-1&lesson=06-verbs-part-one,"Third Person When the verb shows an action or a state of someone else, which is not present, we say the verb is in the third person. Examples;"
https://learndagbani.org/courses/learn-dagbanli/?unit=unit-1&lesson=06-verbs-part-one,O mi bɔl’li ŋmeb venyɛlinga - He/She knows how to play football well
https://learndagbani.org/courses/learn-dagbanli/?unit=unit-1&lesson=06-verbs-part-one,Di tumda - It works
https://learndagbani.org/courses/learn-dagbanli/?unit=unit-1&lesson=06-verbs-part-one,Bi guurimi - They are running
https://learndagbani.org/courses/learn-dagbanli/?unit=unit-1&lesson=06-verbs-part-one,"[audio wav=""http://learndagbani.org/wp-content/uploads/2020/09/vowels-part-one-First-Second-and-Third-Person-Verbs.wav""\]\[/audio\]"
https://learndagbani.org/courses/learn-dagbanli/?unit=unit-1&lesson=06-verbs-part-one,Glossary
https://learndagbani.org/courses/learn-dagbanli/?unit=unit-1&lesson=06-verbs-part-one,"ɛ, ɣ, ŋ, ɔ, and ʒ   Help us make this lesson better and accurate. Found any issues/corrections? Click here to suggest:"
https://learndagbani.org/courses/learn-dagbanli/?unit=unit-1&lesson=06-verbs-part-one,Lesson by: Rasheeda Yehuza
https://learndagbani.org/courses/learn-dagbanli/?unit=unit-1&lesson=03-dagban-bachi-dagbanli-alphabets,Learn Dagbanli (Dagbanli Bↄhimbu)
https://learndagbani.org/courses/learn-dagbanli/?unit=unit-1&lesson=03-dagban-bachi-dagbanli-alphabets,Dagban Bachi (Dagbanli Alphabets)
https://learndagbani.org/courses/learn-dagbanli/?unit=unit-1&lesson=03-dagban-bachi-dagbanli-alphabets,Mark Complete
https://learndagbani.org/courses/learn-dagbanli/?unit=unit-1&lesson=03-dagban-bachi-dagbanli-alphabets,"The ability of one to read, view, write, speak and listen to Dagbani language begins with the understanding of the letters of the Dagbani alphabets and their sounds."
https://learndagbani.org/courses/learn-dagbanli/?unit=unit-1&lesson=03-dagban-bachi-dagbanli-alphabets,Dagbani Bachi Koba (Dagbani Alphabets)
https://learndagbani.org/courses/learn-dagbanli/?unit=unit-1&lesson=03-dagban-bachi-dagbanli-alphabets,Aa   Bb   Dd   Ee   Ɛ   Ff   Gg   Ɣ   Hh   Ii   Jj   Kk   Ll   Mm   Nn   Oo   Pp   Ss   Tt   Uu   Vv   Ww   Yy   Zz   ʒ   ɔ   ɛ
https://learndagbani.org/courses/learn-dagbanli/?unit=unit-1&lesson=03-dagban-bachi-dagbanli-alphabets,Alphabet Example in Dagbani Example in English
https://learndagbani.org/courses/learn-dagbanli/?unit=unit-1&lesson=03-dagban-bachi-dagbanli-alphabets,A Alaafee pineapple
https://learndagbani.org/courses/learn-dagbanli/?unit=unit-1&lesson=03-dagban-bachi-dagbanli-alphabets,B Bua Goat
https://learndagbani.org/courses/learn-dagbanli/?unit=unit-1&lesson=03-dagban-bachi-dagbanli-alphabets,D Dundoli Door
https://learndagbani.org/courses/learn-dagbanli/?unit=unit-1&lesson=03-dagban-bachi-dagbanli-alphabets,E Abe palm nut
https://learndagbani.org/courses/learn-dagbanli/?unit=unit-1&lesson=03-dagban-bachi-dagbanli-alphabets,F Furila Lanten
https://learndagbani.org/courses/learn-dagbanli/?unit=unit-1&lesson=03-dagban-bachi-dagbanli-alphabets,G Goli moon
https://learndagbani.org/courses/learn-dagbanli/?unit=unit-1&lesson=03-dagban-bachi-dagbanli-alphabets,ɣ Dɔɣu Stick
https://learndagbani.org/courses/learn-dagbanli/?unit=unit-1&lesson=03-dagban-bachi-dagbanli-alphabets,H Halli Anger
https://learndagbani.org/courses/learn-dagbanli/?unit=unit-1&lesson=03-dagban-bachi-dagbanli-alphabets,I Tia Tree
https://learndagbani.org/courses/learn-dagbanli/?unit=unit-1&lesson=03-dagban-bachi-dagbanli-alphabets,J Jaŋa monkey
https://learndagbani.org/courses/learn-dagbanli/?unit=unit-1&lesson=03-dagban-bachi-dagbanli-alphabets,K Kom Water
https://learndagbani.org/courses/learn-dagbanli/?unit=unit-1&lesson=03-dagban-bachi-dagbanli-alphabets,L Lɔɣu Pot
https://learndagbani.org/courses/learn-dagbanli/?unit=unit-1&lesson=03-dagban-bachi-dagbanli-alphabets,M Moongu Mango
https://learndagbani.org/courses/learn-dagbanli/?unit=unit-1&lesson=03-dagban-bachi-dagbanli-alphabets,N Noo Hen
https://learndagbani.org/courses/learn-dagbanli/?unit=unit-1&lesson=03-dagban-bachi-dagbanli-alphabets,ŋ ŋamli hippopotamus
https://learndagbani.org/courses/learn-dagbanli/?unit=unit-1&lesson=03-dagban-bachi-dagbanli-alphabets,O voli hole
https://learndagbani.org/courses/learn-dagbanli/?unit=unit-1&lesson=03-dagban-bachi-dagbanli-alphabets,P Paɣa woman
https://learndagbani.org/courses/learn-dagbanli/?unit=unit-1&lesson=03-dagban-bachi-dagbanli-alphabets,S Situra Clothes
https://learndagbani.org/courses/learn-dagbanli/?unit=unit-1&lesson=03-dagban-bachi-dagbanli-alphabets,T Toli morta
https://learndagbani.org/courses/learn-dagbanli/?unit=unit-1&lesson=03-dagban-bachi-dagbanli-alphabets,U kuli hoe
https://learndagbani.org/courses/learn-dagbanli/?unit=unit-1&lesson=03-dagban-bachi-dagbanli-alphabets,V Viɣu owl
https://learndagbani.org/courses/learn-dagbanli/?unit=unit-1&lesson=03-dagban-bachi-dagbanli-alphabets,W Wɔbigu Elephant
https://learndagbani.org/courses/learn-dagbanli/?unit=unit-1&lesson=03-dagban-bachi-dagbanli-alphabets,Y Yili House
https://learndagbani.org/courses/learn-dagbanli/?unit=unit-1&lesson=03-dagban-bachi-dagbanli-alphabets,Z Zahim Fish
https://learndagbani.org/courses/learn-dagbanli/?unit=unit-1&lesson=03-dagban-bachi-dagbanli-alphabets,ʒ ʒim blood
https://learndagbani.org/courses/learn-dagbanli/?unit=unit-1&lesson=03-dagban-bachi-dagbanli-alphabets,ɔ bɔɣu Arm
https://learndagbani.org/courses/learn-dagbanli/?unit=unit-1&lesson=03-dagban-bachi-dagbanli-alphabets,ɛ biɛŋ ditch
https://learndagbani.org/courses/learn-dagbanli/?unit=unit-1&lesson=03-dagban-bachi-dagbanli-alphabets,Vowelinima (Vowels)
https://learndagbani.org/courses/learn-dagbanli/?unit=unit-1&lesson=03-dagban-bachi-dagbanli-alphabets,"[table id=2 /] [audio wav=""http://learndagbani.org/wp-content/uploads/2020/09/Dagban-Bachi-Vowelinima.wav""\]\[/audio\]"
https://learndagbani.org/courses/learn-dagbanli/?unit=unit-1&lesson=03-dagban-bachi-dagbanli-alphabets,Vowel Wagila (Long Vowels)
https://learndagbani.org/courses/learn-dagbanli/?unit=unit-1&lesson=03-dagban-bachi-dagbanli-alphabets,"[table id=3 /] [audio wav=""http://learndagbani.org/wp-content/uploads/2020/09/Dagban-Bachi-Vowel-Wagila.wav""\]\[/audio\]"
https://learndagbani.org/courses/learn-dagbanli/?unit=unit-1&lesson=03-dagban-bachi-dagbanli-alphabets,Konsonantinima (Consonants)
https://learndagbani.org/courses/learn-dagbanli/?unit=unit-1&lesson=03-dagban-bachi-dagbanli-alphabets,Bb Dd Ff Gg Hh Jj Kk Ll Mm Nn Pp Ss Tt Vv Ww Yy Zz
https://learndagbani.org/courses/learn-dagbanli/?unit=unit-1&lesson=03-dagban-bachi-dagbanli-alphabets,KONSONANTI JABA (Double Consonants)
https://learndagbani.org/courses/learn-dagbanli/?unit=unit-1&lesson=03-dagban-bachi-dagbanli-alphabets,"[table id=4 /] [audio wav=""http://learndagbani.org/wp-content/uploads/2020/09/Dagban-Bachi-KONSONANTI-JABA.wav""\]\[/audio\]"
https://learndagbani.org/courses/learn-dagbanli/?unit=unit-1&lesson=03-dagban-bachi-dagbanli-alphabets,Lesson by: Rayan Iddi Yussif Video by: Mohammed-Hanif Abdulai
https://learndagbani.org/courses/learn-dagbanli/?unit=unit-1&lesson=08-introduction-to-nouns,Learn Dagbanli (Dagbanli Bↄhimbu)
https://learndagbani.org/courses/learn-dagbanli/?unit=unit-1&lesson=08-introduction-to-nouns,Everyday Nouns (Part 1) - Nouns In The Home
https://learndagbani.org/courses/learn-dagbanli/?unit=unit-1&lesson=08-introduction-to-nouns,Mark Complete
https://learndagbani.org/courses/learn-dagbanli/?unit=unit-1&lesson=08-introduction-to-nouns,Everyday Nouns Study
https://learndagbani.org/courses/learn-dagbanli/?unit=unit-1&lesson=08-introduction-to-nouns,"In this section, we are going to study everyday nouns. We are studying names of some things around us. We shall first look at things we find in our homes. After that we will look at things we find in our schools. We shall again look at some common nouns as well."
https://learndagbani.org/courses/learn-dagbanli/?unit=unit-1&lesson=08-introduction-to-nouns,Items Around The House
https://learndagbani.org/courses/learn-dagbanli/?unit=unit-1&lesson=08-introduction-to-nouns,Items In A Room
https://learndagbani.org/courses/learn-dagbanli/?unit=unit-1&lesson=08-introduction-to-nouns,Singular Plural In English
https://learndagbani.org/courses/learn-dagbanli/?unit=unit-1&lesson=08-introduction-to-nouns,kuɣa kuɣisi seat
https://learndagbani.org/courses/learn-dagbanli/?unit=unit-1&lesson=08-introduction-to-nouns,garo gariti bed
https://learndagbani.org/courses/learn-dagbanli/?unit=unit-1&lesson=08-introduction-to-nouns,sɔŋ sɔna mat
https://learndagbani.org/courses/learn-dagbanli/?unit=unit-1&lesson=08-introduction-to-nouns,kpahiga kpahisi zana mat
https://learndagbani.org/courses/learn-dagbanli/?unit=unit-1&lesson=08-introduction-to-nouns,piɛm piɛma arrow
https://learndagbani.org/courses/learn-dagbanli/?unit=unit-1&lesson=08-introduction-to-nouns,lɔɣu lɔɣiri quiver
https://learndagbani.org/courses/learn-dagbanli/?unit=unit-1&lesson=08-introduction-to-nouns,tɔbu tɔbiri bow
https://learndagbani.org/courses/learn-dagbanli/?unit=unit-1&lesson=08-introduction-to-nouns,adaka adakanima box
https://learndagbani.org/courses/learn-dagbanli/?unit=unit-1&lesson=08-introduction-to-nouns,dufiɛli dufiɛya pillow
https://learndagbani.org/courses/learn-dagbanli/?unit=unit-1&lesson=08-introduction-to-nouns,takɔbi takɔbri sword
https://learndagbani.org/courses/learn-dagbanli/?unit=unit-1&lesson=08-introduction-to-nouns,jaambɔŋ jaambɔna cudgel
https://learndagbani.org/courses/learn-dagbanli/?unit=unit-1&lesson=08-introduction-to-nouns,zaani zaaninima cudgel (iron)
https://learndagbani.org/courses/learn-dagbanli/?unit=unit-1&lesson=08-introduction-to-nouns,sutitali sutitaŋa cutlass
https://learndagbani.org/courses/learn-dagbanli/?unit=unit-1&lesson=08-introduction-to-nouns,firila firilanima lantern
https://learndagbani.org/courses/learn-dagbanli/?unit=unit-1&lesson=08-introduction-to-nouns,Items In The Bathroom
https://learndagbani.org/courses/learn-dagbanli/?unit=unit-1&lesson=08-introduction-to-nouns,Singular Plural In English
https://learndagbani.org/courses/learn-dagbanli/?unit=unit-1&lesson=08-introduction-to-nouns,bɔɣati buɣatinima bucket
https://learndagbani.org/courses/learn-dagbanli/?unit=unit-1&lesson=08-introduction-to-nouns,chibo chibiti soap
https://learndagbani.org/courses/learn-dagbanli/?unit=unit-1&lesson=08-introduction-to-nouns,bodua boduanima towel
https://learndagbani.org/courses/learn-dagbanli/?unit=unit-1&lesson=08-introduction-to-nouns,ŋmani ŋmana calabash
https://learndagbani.org/courses/learn-dagbanli/?unit=unit-1&lesson=08-introduction-to-nouns,kpaʒiɛrim kpaʒiɛrima pomade
https://learndagbani.org/courses/learn-dagbanli/?unit=unit-1&lesson=08-introduction-to-nouns,zabisahirigu zabisahirisi comb
https://learndagbani.org/courses/learn-dagbanli/?unit=unit-1&lesson=08-introduction-to-nouns,kom koma water
https://learndagbani.org/courses/learn-dagbanli/?unit=unit-1&lesson=08-introduction-to-nouns,chibitariga chibitarisi soap dish
https://learndagbani.org/courses/learn-dagbanli/?unit=unit-1&lesson=08-introduction-to-nouns,sɔɣiso sɔɣisonima sponge
https://learndagbani.org/courses/learn-dagbanli/?unit=unit-1&lesson=08-introduction-to-nouns,Lesson by: Osman
https://learndagbani.org/courses/learn-dagbanli/?unit=unit-1&lesson=08-introduction-to-nouns,"Reference: Adam, P. P. (2013). Dagbani an Introductory Course for Beginners. Koforidua: Pedaddo Ventures."
https://learndagbani.org/courses/learn-dagbanli/?unit=unit-1&lesson=01-what-is-the-dagbanli-language,Learn Dagbanli (Dagbanli Bↄhimbu)
https://learndagbani.org/courses/learn-dagbanli/?unit=unit-1&lesson=01-what-is-the-dagbanli-language,What Is The Dagbanli Language?
https://learndagbani.org/courses/learn-dagbanli/?unit=unit-1&lesson=01-what-is-the-dagbanli-language,Mark Complete
https://learndagbani.org/courses/learn-dagbanli/?unit=unit-1&lesson=01-what-is-the-dagbanli-language,"Dagbanli is a language spoken by the Dagombas, primarily located in Ghana. The Dagbambas (or Dagombas in literature) are one of the most widespread and numerous peoples of Northern Ghana. They have two principal centres, Tamale and Yendi, centred in the Northern territories."
https://learndagbani.org/courses/learn-dagbanli/?unit=unit-1&lesson=01-what-is-the-dagbanli-language,"The language, Dagbani or Dagbanli, is widely known as a first or second language in north-eastern Ghana."
https://learndagbani.org/courses/learn-dagbanli/?unit=unit-1&lesson=01-what-is-the-dagbanli-language,"Dagbanli is a Gur language, meaning, it belongs to the Niger–Congo languages. There are about 70 languages belonging to this group. They are spoken in the Sahelian and savanna regions of West Africa, namely: in Burkina Faso, southern Mali, northeastern Ivory Coast, the northern halves of Ghana and Togo, northwestern Benin, and southwestern Niger."
https://learndagbani.org/courses/learn-dagbanli/?unit=unit-1&lesson=01-what-is-the-dagbanli-language,"Dagbanli is a tonal language in which pitch is used to distinguish words. The tonal systems of Gur languages are rather divergent. Most Gur languages have been described as following the model of a two tone downstep system. A phenomenon in tone languages in which if two syllables have the same tone (for example, both with a high tone or both with a low tone), the second syllable is lower in pitch than the first."
https://learndagbani.org/courses/learn-dagbanli/?unit=unit-1&lesson=01-what-is-the-dagbanli-language,"Native Dagbanli speakers are estimated to be over 1,160,000 (2013). It is a compulsory subject in primary and junior high school in the Dagbon Kingdom of Ghana."
https://learndagbani.org/courses/learn-dagbanli/?unit=unit-1&lesson=01-what-is-the-dagbanli-language,"Dagbanli has a major dialect split between Eastern Dagbani, centred on the traditional capital town of Yendi, and Western Dagbani, centred on the administrative capital of the Northern Region, Tamale."
https://learndagbani.org/courses/learn-dagbanli/?unit=unit-1&lesson=01-what-is-the-dagbanli-language,"The dialects are, however, mutually intelligible, and mainly consist of different root vowels in some lexemes, and different forms or pronunciations of some nouns, particularly those referring to local flora."
https://learndagbani.org/courses/learn-dagbanli/?unit=unit-1&lesson=01-what-is-the-dagbanli-language,"The words Dagbani and Dagbanli given above for the name of the language are respectively the Eastern and Western dialect forms of the name, but the Dagbani Orthography Committee resolved that “It was decided that in the spelling system <Dagbani> is used to refer to the language, and <Dagbanli> … to the life and culture”;[5][original research?] in the spoken language, each dialect used its form of the name for both functions."
https://learndagbani.org/courses/learn-dagbanli/?unit=unit-1&lesson=01-what-is-the-dagbanli-language,"Dagbani is written in Latin alphabet with the addition of the apostrophe, the letters ɛ, ɣ, ŋ, ɔ, and ʒ, and the digraphs ch, gb, kp, and ny."
https://learndagbani.org/courses/learn-dagbanli/?unit=unit-1&lesson=01-what-is-the-dagbanli-language,"Source, References and further reading::"
https://learndagbani.org/courses/learn-dagbanli/?unit=unit-1&lesson=01-what-is-the-dagbanli-language,https://en.wikipedia.org/wiki/Dagbani_language
https://learndagbani.org/courses/learn-dagbanli/?unit=unit-1&lesson=01-what-is-the-dagbanli-language,https://en.wikipedia.org/wiki/Gur_languages
https://learndagbani.org/courses/learn-dagbanli/?unit=unit-1&lesson=01-what-is-the-dagbanli-language,https://en.wikipedia.org/wiki/Downstep
https://learndagbani.org/courses/learn-dagbanli/?unit=unit-1&lesson=02-what-is-the-difference-between-dagbanli-and-dagbani,Learn Dagbanli (Dagbanli Bↄhimbu)
https://learndagbani.org/courses/learn-dagbanli/?unit=unit-1&lesson=02-what-is-the-difference-between-dagbanli-and-dagbani,What Is The Difference Between Dagbanli and Dagbani
https://learndagbani.org/courses/learn-dagbanli/?unit=unit-1&lesson=02-what-is-the-difference-between-dagbanli-and-dagbani,Mark Complete
https://learndagbani.org/courses/learn-dagbanli/?unit=unit-1&lesson=02-what-is-the-difference-between-dagbanli-and-dagbani,"""We use ""Dagbanli"" when we talk about the language, ""Dagbaŋ"" when we talk about the kingdom and culture, and ""Dagbamba"" to reference the people of this community, instead of ""Dagbani,"" Dagbon"" and ""Dagomba"" respectively as an act of resistance and steps toward decolonization."
https://learndagbani.org/courses/learn-dagbanli/?unit=unit-1&lesson=02-what-is-the-difference-between-dagbanli-and-dagbani,"In this project, we use the correct spelling of these words to not only challenge the colonial spelling but to truly represent how these words are used by Dagbamba, the people who speak the language in Ghana."""
https://learndagbani.org/courses/learn-dagbanli/?unit=unit-1&lesson=02-what-is-the-difference-between-dagbanli-and-dagbani,"- Dr. Wunpini F. Mohammed, Ph.D - Assistant Professor at Grady College of Journalism and Mass Communication, Georgia, USA"
https://learndagbani.org/courses/learn-dagbanli/?unit=unit-1&lesson=02-what-is-the-difference-between-dagbanli-and-dagbani,So why do we see Dagbani everywhere instead of Dagbanli?
https://learndagbani.org/courses/learn-dagbanli/?unit=unit-1&lesson=02-what-is-the-difference-between-dagbanli-and-dagbani,"""When it comes to education, we refer to the language as Dagbani. We know that it is Dagbanli in Tomo dialect and Dagbani in Nayahili dialect, but those who study the language, who we refer to as Dagbani linguists decided that we should refer to the language of study as Dagbaani (I am following the pronunciation here). It is a new name. It is neither Dagbani as it is pronounced by the people of Yendi and its environs nor Dagbanli by the Tomo people. It is a coinage but written as the way the Nayahili speakers write it. We do not want to use two names for it. It will not speak well of us."
https://learndagbani.org/courses/learn-dagbanli/?unit=unit-1&lesson=02-what-is-the-difference-between-dagbanli-and-dagbani,"The speakers of Dagbani are Dagbamba (singular, Dagbana) and not Dagomba. That's how we refer to ourselves. They could not say Dagbamba but Dagomba. We prefer the way we call ourselves to that of the whiteman.Dagbamba refer to the current Dagbamba, ŋmampirisi and Nanumba. They all speak Dagbani, each has its own dialect. So, I want say that Dagbanli, Dagbani and Nanunli are all dialects of Dagbani. But we do not study each dialect. We rather study Dagbani."""
https://learndagbani.org/courses/learn-dagbanli/?unit=unit-1&lesson=02-what-is-the-difference-between-dagbanli-and-dagbani,"- Mr Pazzack Adam - University of Education, Winneba, Ghana · Department of Applied Linguistics"
https://learndagbani.org/courses/learn-dagbanli/?unit=unit-1&lesson=02-what-is-the-difference-between-dagbanli-and-dagbani,"On this site, we have chosen to use Dagbanli as the name of the language, to truly reflect how the people call it. We are not an academic source of learning the language and do not claim to be. We do not represent a source for higher language acquisition nor a source of study for official language tests. We are pushing an initiative to digitize the Dagbanli language and culture and to seek support from professionals in creating quality content. Every lesson is up for review and as such, we welcome all corrections and suggestions."
https://learndagbani.org/courses/learn-dagbanli/?unit=unit-1&lesson=07-20-everyday-verbs-part-one,Learn Dagbanli (Dagbanli Bↄhimbu)
https://learndagbani.org/courses/learn-dagbanli/?unit=unit-1&lesson=07-20-everyday-verbs-part-one,20 Everyday Verbs – Part 1
https://learndagbani.org/courses/learn-dagbanli/?unit=unit-1&lesson=07-20-everyday-verbs-part-one,Mark Complete
https://learndagbani.org/courses/learn-dagbanli/?unit=unit-1&lesson=07-20-everyday-verbs-part-one,Here are some common verbs in Dagbani.
https://learndagbani.org/courses/learn-dagbanli/?unit=unit-1&lesson=07-20-everyday-verbs-part-one,Translation
https://learndagbani.org/courses/learn-dagbanli/?unit=unit-1&lesson=07-20-everyday-verbs-part-one,Bɛ Be
https://learndagbani.org/courses/learn-dagbanli/?unit=unit-1&lesson=07-20-everyday-verbs-part-one,Mali Have
https://learndagbani.org/courses/learn-dagbanli/?unit=unit-1&lesson=07-20-everyday-verbs-part-one,Niŋ Do
https://learndagbani.org/courses/learn-dagbanli/?unit=unit-1&lesson=07-20-everyday-verbs-part-one,Yɛli Say
https://learndagbani.org/courses/learn-dagbanli/?unit=unit-1&lesson=07-20-everyday-verbs-part-one,Chama Go
https://learndagbani.org/courses/learn-dagbanli/?unit=unit-1&lesson=07-20-everyday-verbs-part-one,Bɔli Call
https://learndagbani.org/courses/learn-dagbanli/?unit=unit-1&lesson=07-20-everyday-verbs-part-one,Malli Make
https://learndagbani.org/courses/learn-dagbanli/?unit=unit-1&lesson=07-20-everyday-verbs-part-one,Mi Know
https://learndagbani.org/courses/learn-dagbanli/?unit=unit-1&lesson=07-20-everyday-verbs-part-one,Tɛhi Think
https://learndagbani.org/courses/learn-dagbanli/?unit=unit-1&lesson=07-20-everyday-verbs-part-one,Kp’ɣi Take
https://learndagbani.org/courses/learn-dagbanli/?unit=unit-1&lesson=07-20-everyday-verbs-part-one,Nya See
https://learndagbani.org/courses/learn-dagbanli/?unit=unit-1&lesson=07-20-everyday-verbs-part-one,Gbihi Sleep
https://learndagbani.org/courses/learn-dagbanli/?unit=unit-1&lesson=07-20-everyday-verbs-part-one,Bori Want
https://learndagbani.org/courses/learn-dagbanli/?unit=unit-1&lesson=07-20-everyday-verbs-part-one,Yuli / Nya Look/See
https://learndagbani.org/courses/learn-dagbanli/?unit=unit-1&lesson=07-20-everyday-verbs-part-one,Bohi Ask
https://learndagbani.org/courses/learn-dagbanli/?unit=unit-1&lesson=07-20-everyday-verbs-part-one,Bo Find
https://learndagbani.org/courses/learn-dagbanli/?unit=unit-1&lesson=07-20-everyday-verbs-part-one,Tibu Give
https://learndagbani.org/courses/learn-dagbanli/?unit=unit-1&lesson=07-20-everyday-verbs-part-one,Yeli Tell
https://learndagbani.org/courses/learn-dagbanli/?unit=unit-1&lesson=07-20-everyday-verbs-part-one,Tum work
https://learndagbani.org/courses/learn-dagbanli/?unit=unit-1&lesson=07-20-everyday-verbs-part-one,Glossary
https://learndagbani.org/courses/learn-dagbanli/?unit=unit-1&lesson=07-20-everyday-verbs-part-one,"ɛ, ɣ, ŋ, ɔ, and ʒ   Help us make this lesson better and accurate. Found any issues/corrections? Click here to suggest:"
https://learndagbani.org/courses/learn-dagbanli/?unit=unit-1&lesson=07-20-everyday-verbs-part-one,Lesson by: Rasheeda Yehuza
